{"train_loss": 0.5004329085350037, "_timestamp": 1666342168.8897681, "_runtime": 1716.9811041355133, "_step": 1879, "valid_loss": 1.3561701774597168, "valid_f1": 0.6544950697456227}